rand_point,FID_,Name,timestamp,Field_1,BUFF_DIST,SHAPE_Leng,SHAPE_Area,testDN,testlayer,testpath
0,0,UT_1,2021/09/02,"<table width=""100%""></table>",300.00000000000,1883.83661793000,282089.05828300002,4,Shrubs,"C:/Users/joanw/OneDrive - University of Twente/Desktop/DataMasteryData/campusvector.shp|subset=""DN""  = 4"
1,0,UT_1,2021/09/02,"<table width=""100%""></table>",300.00000000000,1883.83661793000,282089.05828300002,3,Grass,"C:/Users/joanw/OneDrive - University of Twente/Desktop/DataMasteryData/campusvector.shp|subset=""DN""  = 3"
2,0,UT_1,2021/09/02,"<table width=""100%""></table>",300.00000000000,1883.83661793000,282089.05828300002,4,Shrubs,"C:/Users/joanw/OneDrive - University of Twente/Desktop/DataMasteryData/campusvector.shp|subset=""DN""  = 4"
3,0,UT_1,2021/09/02,"<table width=""100%""></table>",300.00000000000,1883.83661793000,282089.05828300002,4,Shrubs,"C:/Users/joanw/OneDrive - University of Twente/Desktop/DataMasteryData/campusvector.shp|subset=""DN""  = 4"
4,0,UT_1,2021/09/02,"<table width=""100%""></table>",300.00000000000,1883.83661793000,282089.05828300002,5,Road/Paved layer,"C:/Users/joanw/OneDrive - University of Twente/Desktop/DataMasteryData/campusvector.shp|subset=""DN""  = 5"
5,0,UT_1,2021/09/02,"<table width=""100%""></table>",300.00000000000,1883.83661793000,282089.05828300002,6,trees2,"C:/Users/joanw/OneDrive - University of Twente/Desktop/DataMasteryData/campusvector.shp|subset=""DN"" = 6"
6,0,UT_1,2021/09/02,"<table width=""100%""></table>",300.00000000000,1883.83661793000,282089.05828300002,7,Trees,"C:/Users/joanw/OneDrive - University of Twente/Desktop/DataMasteryData/campusvector.shp|subset= ""DN"" = 7"
7,0,UT_1,2021/09/02,"<table width=""100%""></table>",300.00000000000,1883.83661793000,282089.05828300002,5,Road/Paved layer,"C:/Users/joanw/OneDrive - University of Twente/Desktop/DataMasteryData/campusvector.shp|subset=""DN""  = 5"
8,0,UT_1,2021/09/02,"<table width=""100%""></table>",300.00000000000,1883.83661793000,282089.05828300002,4,Shrubs,"C:/Users/joanw/OneDrive - University of Twente/Desktop/DataMasteryData/campusvector.shp|subset=""DN""  = 4"
9,0,UT_1,2021/09/02,"<table width=""100%""></table>",300.00000000000,1883.83661793000,282089.05828300002,5,Road/Paved layer,"C:/Users/joanw/OneDrive - University of Twente/Desktop/DataMasteryData/campusvector.shp|subset=""DN""  = 5"
10,0,UT_1,2021/09/02,"<table width=""100%""></table>",300.00000000000,1883.83661793000,282089.05828300002,4,Shrubs,"C:/Users/joanw/OneDrive - University of Twente/Desktop/DataMasteryData/campusvector.shp|subset=""DN""  = 4"
11,0,UT_1,2021/09/02,"<table width=""100%""></table>",300.00000000000,1883.83661793000,282089.05828300002,2,Built-up,"C:/Users/joanw/OneDrive - University of Twente/Desktop/DataMasteryData/campusvector.shp|subset=""DN""= 2"
12,0,UT_1,2021/09/02,"<table width=""100%""></table>",300.00000000000,1883.83661793000,282089.05828300002,2,Built-up,"C:/Users/joanw/OneDrive - University of Twente/Desktop/DataMasteryData/campusvector.shp|subset=""DN""= 2"
13,0,UT_1,2021/09/02,"<table width=""100%""></table>",300.00000000000,1883.83661793000,282089.05828300002,4,Shrubs,"C:/Users/joanw/OneDrive - University of Twente/Desktop/DataMasteryData/campusvector.shp|subset=""DN""  = 4"
14,0,UT_1,2021/09/02,"<table width=""100%""></table>",300.00000000000,1883.83661793000,282089.05828300002,2,Built-up,"C:/Users/joanw/OneDrive - University of Twente/Desktop/DataMasteryData/campusvector.shp|subset=""DN""= 2"
15,0,UT_1,2021/09/02,"<table width=""100%""></table>",300.00000000000,1883.83661793000,282089.05828300002,5,Road/Paved layer,"C:/Users/joanw/OneDrive - University of Twente/Desktop/DataMasteryData/campusvector.shp|subset=""DN""  = 5"
16,0,UT_1,2021/09/02,"<table width=""100%""></table>",300.00000000000,1883.83661793000,282089.05828300002,3,Grass,"C:/Users/joanw/OneDrive - University of Twente/Desktop/DataMasteryData/campusvector.shp|subset=""DN""  = 3"
17,0,UT_1,2021/09/02,"<table width=""100%""></table>",300.00000000000,1883.83661793000,282089.05828300002,5,Road/Paved layer,"C:/Users/joanw/OneDrive - University of Twente/Desktop/DataMasteryData/campusvector.shp|subset=""DN""  = 5"
18,0,UT_1,2021/09/02,"<table width=""100%""></table>",300.00000000000,1883.83661793000,282089.05828300002,5,Road/Paved layer,"C:/Users/joanw/OneDrive - University of Twente/Desktop/DataMasteryData/campusvector.shp|subset=""DN""  = 5"
19,0,UT_1,2021/09/02,"<table width=""100%""></table>",300.00000000000,1883.83661793000,282089.05828300002,5,Road/Paved layer,"C:/Users/joanw/OneDrive - University of Twente/Desktop/DataMasteryData/campusvector.shp|subset=""DN""  = 5"
20,0,UT_1,2021/09/02,"<table width=""100%""></table>",300.00000000000,1883.83661793000,282089.05828300002,5,Road/Paved layer,"C:/Users/joanw/OneDrive - University of Twente/Desktop/DataMasteryData/campusvector.shp|subset=""DN""  = 5"
21,0,UT_1,2021/09/02,"<table width=""100%""></table>",300.00000000000,1883.83661793000,282089.05828300002,2,Built-up,"C:/Users/joanw/OneDrive - University of Twente/Desktop/DataMasteryData/campusvector.shp|subset=""DN""= 2"
22,0,UT_1,2021/09/02,"<table width=""100%""></table>",300.00000000000,1883.83661793000,282089.05828300002,2,Built-up,"C:/Users/joanw/OneDrive - University of Twente/Desktop/DataMasteryData/campusvector.shp|subset=""DN""= 2"
23,0,UT_1,2021/09/02,"<table width=""100%""></table>",300.00000000000,1883.83661793000,282089.05828300002,3,Grass,"C:/Users/joanw/OneDrive - University of Twente/Desktop/DataMasteryData/campusvector.shp|subset=""DN""  = 3"
24,0,UT_1,2021/09/02,"<table width=""100%""></table>",300.00000000000,1883.83661793000,282089.05828300002,2,Built-up,"C:/Users/joanw/OneDrive - University of Twente/Desktop/DataMasteryData/campusvector.shp|subset=""DN""= 2"
25,0,UT_1,2021/09/02,"<table width=""100%""></table>",300.00000000000,1883.83661793000,282089.05828300002,8,Water,"C:/Users/joanw/OneDrive - University of Twente/Desktop/DataMasteryData/campusvector.shp|subset=""DN"" = 8"
26,0,UT_1,2021/09/02,"<table width=""100%""></table>",300.00000000000,1883.83661793000,282089.05828300002,2,Built-up,"C:/Users/joanw/OneDrive - University of Twente/Desktop/DataMasteryData/campusvector.shp|subset=""DN""= 2"
27,0,UT_1,2021/09/02,"<table width=""100%""></table>",300.00000000000,1883.83661793000,282089.05828300002,8,Water,"C:/Users/joanw/OneDrive - University of Twente/Desktop/DataMasteryData/campusvector.shp|subset=""DN"" = 8"
28,0,UT_1,2021/09/02,"<table width=""100%""></table>",300.00000000000,1883.83661793000,282089.05828300002,8,Water,"C:/Users/joanw/OneDrive - University of Twente/Desktop/DataMasteryData/campusvector.shp|subset=""DN"" = 8"
29,0,UT_1,2021/09/02,"<table width=""100%""></table>",300.00000000000,1883.83661793000,282089.05828300002,8,Water,"C:/Users/joanw/OneDrive - University of Twente/Desktop/DataMasteryData/campusvector.shp|subset=""DN"" = 8"
30,0,UT_1,2021/09/02,"<table width=""100%""></table>",300.00000000000,1883.83661793000,282089.05828300002,5,Road/Paved layer,"C:/Users/joanw/OneDrive - University of Twente/Desktop/DataMasteryData/campusvector.shp|subset=""DN""  = 5"
31,0,UT_1,2021/09/02,"<table width=""100%""></table>",300.00000000000,1883.83661793000,282089.05828300002,7,Trees,"C:/Users/joanw/OneDrive - University of Twente/Desktop/DataMasteryData/campusvector.shp|subset= ""DN"" = 7"
32,0,UT_1,2021/09/02,"<table width=""100%""></table>",300.00000000000,1883.83661793000,282089.05828300002,2,Built-up,"C:/Users/joanw/OneDrive - University of Twente/Desktop/DataMasteryData/campusvector.shp|subset=""DN""= 2"
33,0,UT_1,2021/09/02,"<table width=""100%""></table>",300.00000000000,1883.83661793000,282089.05828300002,4,Shrubs,"C:/Users/joanw/OneDrive - University of Twente/Desktop/DataMasteryData/campusvector.shp|subset=""DN""  = 4"
34,0,UT_1,2021/09/02,"<table width=""100%""></table>",300.00000000000,1883.83661793000,282089.05828300002,,,
35,0,UT_1,2021/09/02,"<table width=""100%""></table>",300.00000000000,1883.83661793000,282089.05828300002,2,Built-up,"C:/Users/joanw/OneDrive - University of Twente/Desktop/DataMasteryData/campusvector.shp|subset=""DN""= 2"
36,0,UT_1,2021/09/02,"<table width=""100%""></table>",300.00000000000,1883.83661793000,282089.05828300002,5,Road/Paved layer,"C:/Users/joanw/OneDrive - University of Twente/Desktop/DataMasteryData/campusvector.shp|subset=""DN""  = 5"
37,0,UT_1,2021/09/02,"<table width=""100%""></table>",300.00000000000,1883.83661793000,282089.05828300002,5,Road/Paved layer,"C:/Users/joanw/OneDrive - University of Twente/Desktop/DataMasteryData/campusvector.shp|subset=""DN""  = 5"
38,0,UT_1,2021/09/02,"<table width=""100%""></table>",300.00000000000,1883.83661793000,282089.05828300002,5,Road/Paved layer,"C:/Users/joanw/OneDrive - University of Twente/Desktop/DataMasteryData/campusvector.shp|subset=""DN""  = 5"
39,0,UT_1,2021/09/02,"<table width=""100%""></table>",300.00000000000,1883.83661793000,282089.05828300002,4,Shrubs,"C:/Users/joanw/OneDrive - University of Twente/Desktop/DataMasteryData/campusvector.shp|subset=""DN""  = 4"
40,0,UT_1,2021/09/02,"<table width=""100%""></table>",300.00000000000,1883.83661793000,282089.05828300002,3,Grass,"C:/Users/joanw/OneDrive - University of Twente/Desktop/DataMasteryData/campusvector.shp|subset=""DN""  = 3"
41,0,UT_1,2021/09/02,"<table width=""100%""></table>",300.00000000000,1883.83661793000,282089.05828300002,4,Shrubs,"C:/Users/joanw/OneDrive - University of Twente/Desktop/DataMasteryData/campusvector.shp|subset=""DN""  = 4"
42,0,UT_1,2021/09/02,"<table width=""100%""></table>",300.00000000000,1883.83661793000,282089.05828300002,5,Road/Paved layer,"C:/Users/joanw/OneDrive - University of Twente/Desktop/DataMasteryData/campusvector.shp|subset=""DN""  = 5"
43,0,UT_1,2021/09/02,"<table width=""100%""></table>",300.00000000000,1883.83661793000,282089.05828300002,2,Built-up,"C:/Users/joanw/OneDrive - University of Twente/Desktop/DataMasteryData/campusvector.shp|subset=""DN""= 2"
44,0,UT_1,2021/09/02,"<table width=""100%""></table>",300.00000000000,1883.83661793000,282089.05828300002,8,Water,"C:/Users/joanw/OneDrive - University of Twente/Desktop/DataMasteryData/campusvector.shp|subset=""DN"" = 8"
45,0,UT_1,2021/09/02,"<table width=""100%""></table>",300.00000000000,1883.83661793000,282089.05828300002,4,Shrubs,"C:/Users/joanw/OneDrive - University of Twente/Desktop/DataMasteryData/campusvector.shp|subset=""DN""  = 4"
46,0,UT_1,2021/09/02,"<table width=""100%""></table>",300.00000000000,1883.83661793000,282089.05828300002,2,Built-up,"C:/Users/joanw/OneDrive - University of Twente/Desktop/DataMasteryData/campusvector.shp|subset=""DN""= 2"
47,0,UT_1,2021/09/02,"<table width=""100%""></table>",300.00000000000,1883.83661793000,282089.05828300002,5,Road/Paved layer,"C:/Users/joanw/OneDrive - University of Twente/Desktop/DataMasteryData/campusvector.shp|subset=""DN""  = 5"
48,0,UT_1,2021/09/02,"<table width=""100%""></table>",300.00000000000,1883.83661793000,282089.05828300002,5,Road/Paved layer,"C:/Users/joanw/OneDrive - University of Twente/Desktop/DataMasteryData/campusvector.shp|subset=""DN""  = 5"
49,0,UT_1,2021/09/02,"<table width=""100%""></table>",300.00000000000,1883.83661793000,282089.05828300002,4,Shrubs,"C:/Users/joanw/OneDrive - University of Twente/Desktop/DataMasteryData/campusvector.shp|subset=""DN""  = 4"
50,1,UT_4,2021/09/02,"<table width=""100%""></table>",300.00000000000,1883.83510889000,282088.60635000002,4,Shrubs,"C:/Users/joanw/OneDrive - University of Twente/Desktop/DataMasteryData/campusvector.shp|subset=""DN""  = 4"
51,1,UT_4,2021/09/02,"<table width=""100%""></table>",300.00000000000,1883.83510889000,282088.60635000002,5,Road/Paved layer,"C:/Users/joanw/OneDrive - University of Twente/Desktop/DataMasteryData/campusvector.shp|subset=""DN""  = 5"
52,1,UT_4,2021/09/02,"<table width=""100%""></table>",300.00000000000,1883.83510889000,282088.60635000002,2,Built-up,"C:/Users/joanw/OneDrive - University of Twente/Desktop/DataMasteryData/campusvector.shp|subset=""DN""= 2"
53,1,UT_4,2021/09/02,"<table width=""100%""></table>",300.00000000000,1883.83510889000,282088.60635000002,7,Trees,"C:/Users/joanw/OneDrive - University of Twente/Desktop/DataMasteryData/campusvector.shp|subset= ""DN"" = 7"
54,1,UT_4,2021/09/02,"<table width=""100%""></table>",300.00000000000,1883.83510889000,282088.60635000002,4,Shrubs,"C:/Users/joanw/OneDrive - University of Twente/Desktop/DataMasteryData/campusvector.shp|subset=""DN""  = 4"
55,1,UT_4,2021/09/02,"<table width=""100%""></table>",300.00000000000,1883.83510889000,282088.60635000002,3,Grass,"C:/Users/joanw/OneDrive - University of Twente/Desktop/DataMasteryData/campusvector.shp|subset=""DN""  = 3"
56,1,UT_4,2021/09/02,"<table width=""100%""></table>",300.00000000000,1883.83510889000,282088.60635000002,7,Trees,"C:/Users/joanw/OneDrive - University of Twente/Desktop/DataMasteryData/campusvector.shp|subset= ""DN"" = 7"
57,1,UT_4,2021/09/02,"<table width=""100%""></table>",300.00000000000,1883.83510889000,282088.60635000002,7,Trees,"C:/Users/joanw/OneDrive - University of Twente/Desktop/DataMasteryData/campusvector.shp|subset= ""DN"" = 7"
58,1,UT_4,2021/09/02,"<table width=""100%""></table>",300.00000000000,1883.83510889000,282088.60635000002,,,
59,1,UT_4,2021/09/02,"<table width=""100%""></table>",300.00000000000,1883.83510889000,282088.60635000002,8,Water,"C:/Users/joanw/OneDrive - University of Twente/Desktop/DataMasteryData/campusvector.shp|subset=""DN"" = 8"
60,1,UT_4,2021/09/02,"<table width=""100%""></table>",300.00000000000,1883.83510889000,282088.60635000002,5,Road/Paved layer,"C:/Users/joanw/OneDrive - University of Twente/Desktop/DataMasteryData/campusvector.shp|subset=""DN""  = 5"
61,1,UT_4,2021/09/02,"<table width=""100%""></table>",300.00000000000,1883.83510889000,282088.60635000002,,,
62,1,UT_4,2021/09/02,"<table width=""100%""></table>",300.00000000000,1883.83510889000,282088.60635000002,,,
63,1,UT_4,2021/09/02,"<table width=""100%""></table>",300.00000000000,1883.83510889000,282088.60635000002,7,Trees,"C:/Users/joanw/OneDrive - University of Twente/Desktop/DataMasteryData/campusvector.shp|subset= ""DN"" = 7"
64,1,UT_4,2021/09/02,"<table width=""100%""></table>",300.00000000000,1883.83510889000,282088.60635000002,7,Trees,"C:/Users/joanw/OneDrive - University of Twente/Desktop/DataMasteryData/campusvector.shp|subset= ""DN"" = 7"
65,1,UT_4,2021/09/02,"<table width=""100%""></table>",300.00000000000,1883.83510889000,282088.60635000002,,,
66,1,UT_4,2021/09/02,"<table width=""100%""></table>",300.00000000000,1883.83510889000,282088.60635000002,,,
67,1,UT_4,2021/09/02,"<table width=""100%""></table>",300.00000000000,1883.83510889000,282088.60635000002,4,Shrubs,"C:/Users/joanw/OneDrive - University of Twente/Desktop/DataMasteryData/campusvector.shp|subset=""DN""  = 4"
68,1,UT_4,2021/09/02,"<table width=""100%""></table>",300.00000000000,1883.83510889000,282088.60635000002,,,
69,1,UT_4,2021/09/02,"<table width=""100%""></table>",300.00000000000,1883.83510889000,282088.60635000002,7,Trees,"C:/Users/joanw/OneDrive - University of Twente/Desktop/DataMasteryData/campusvector.shp|subset= ""DN"" = 7"
70,1,UT_4,2021/09/02,"<table width=""100%""></table>",300.00000000000,1883.83510889000,282088.60635000002,4,Shrubs,"C:/Users/joanw/OneDrive - University of Twente/Desktop/DataMasteryData/campusvector.shp|subset=""DN""  = 4"
71,1,UT_4,2021/09/02,"<table width=""100%""></table>",300.00000000000,1883.83510889000,282088.60635000002,8,Water,"C:/Users/joanw/OneDrive - University of Twente/Desktop/DataMasteryData/campusvector.shp|subset=""DN"" = 8"
72,1,UT_4,2021/09/02,"<table width=""100%""></table>",300.00000000000,1883.83510889000,282088.60635000002,4,Shrubs,"C:/Users/joanw/OneDrive - University of Twente/Desktop/DataMasteryData/campusvector.shp|subset=""DN""  = 4"
73,1,UT_4,2021/09/02,"<table width=""100%""></table>",300.00000000000,1883.83510889000,282088.60635000002,3,Grass,"C:/Users/joanw/OneDrive - University of Twente/Desktop/DataMasteryData/campusvector.shp|subset=""DN""  = 3"
74,1,UT_4,2021/09/02,"<table width=""100%""></table>",300.00000000000,1883.83510889000,282088.60635000002,7,Trees,"C:/Users/joanw/OneDrive - University of Twente/Desktop/DataMasteryData/campusvector.shp|subset= ""DN"" = 7"
75,1,UT_4,2021/09/02,"<table width=""100%""></table>",300.00000000000,1883.83510889000,282088.60635000002,4,Shrubs,"C:/Users/joanw/OneDrive - University of Twente/Desktop/DataMasteryData/campusvector.shp|subset=""DN""  = 4"
76,1,UT_4,2021/09/02,"<table width=""100%""></table>",300.00000000000,1883.83510889000,282088.60635000002,7,Trees,"C:/Users/joanw/OneDrive - University of Twente/Desktop/DataMasteryData/campusvector.shp|subset= ""DN"" = 7"
77,1,UT_4,2021/09/02,"<table width=""100%""></table>",300.00000000000,1883.83510889000,282088.60635000002,2,Built-up,"C:/Users/joanw/OneDrive - University of Twente/Desktop/DataMasteryData/campusvector.shp|subset=""DN""= 2"
78,1,UT_4,2021/09/02,"<table width=""100%""></table>",300.00000000000,1883.83510889000,282088.60635000002,,,
79,1,UT_4,2021/09/02,"<table width=""100%""></table>",300.00000000000,1883.83510889000,282088.60635000002,4,Shrubs,"C:/Users/joanw/OneDrive - University of Twente/Desktop/DataMasteryData/campusvector.shp|subset=""DN""  = 4"
80,1,UT_4,2021/09/02,"<table width=""100%""></table>",300.00000000000,1883.83510889000,282088.60635000002,4,Shrubs,"C:/Users/joanw/OneDrive - University of Twente/Desktop/DataMasteryData/campusvector.shp|subset=""DN""  = 4"
81,1,UT_4,2021/09/02,"<table width=""100%""></table>",300.00000000000,1883.83510889000,282088.60635000002,,,
82,1,UT_4,2021/09/02,"<table width=""100%""></table>",300.00000000000,1883.83510889000,282088.60635000002,6,trees2,"C:/Users/joanw/OneDrive - University of Twente/Desktop/DataMasteryData/campusvector.shp|subset=""DN"" = 6"
83,1,UT_4,2021/09/02,"<table width=""100%""></table>",300.00000000000,1883.83510889000,282088.60635000002,2,Built-up,"C:/Users/joanw/OneDrive - University of Twente/Desktop/DataMasteryData/campusvector.shp|subset=""DN""= 2"
84,1,UT_4,2021/09/02,"<table width=""100%""></table>",300.00000000000,1883.83510889000,282088.60635000002,,,
85,1,UT_4,2021/09/02,"<table width=""100%""></table>",300.00000000000,1883.83510889000,282088.60635000002,,,
86,1,UT_4,2021/09/02,"<table width=""100%""></table>",300.00000000000,1883.83510889000,282088.60635000002,,,
87,1,UT_4,2021/09/02,"<table width=""100%""></table>",300.00000000000,1883.83510889000,282088.60635000002,,,
88,1,UT_4,2021/09/02,"<table width=""100%""></table>",300.00000000000,1883.83510889000,282088.60635000002,5,Road/Paved layer,"C:/Users/joanw/OneDrive - University of Twente/Desktop/DataMasteryData/campusvector.shp|subset=""DN""  = 5"
89,1,UT_4,2021/09/02,"<table width=""100%""></table>",300.00000000000,1883.83510889000,282088.60635000002,7,Trees,"C:/Users/joanw/OneDrive - University of Twente/Desktop/DataMasteryData/campusvector.shp|subset= ""DN"" = 7"
90,1,UT_4,2021/09/02,"<table width=""100%""></table>",300.00000000000,1883.83510889000,282088.60635000002,,,
91,1,UT_4,2021/09/02,"<table width=""100%""></table>",300.00000000000,1883.83510889000,282088.60635000002,5,Road/Paved layer,"C:/Users/joanw/OneDrive - University of Twente/Desktop/DataMasteryData/campusvector.shp|subset=""DN""  = 5"
92,1,UT_4,2021/09/02,"<table width=""100%""></table>",300.00000000000,1883.83510889000,282088.60635000002,5,Road/Paved layer,"C:/Users/joanw/OneDrive - University of Twente/Desktop/DataMasteryData/campusvector.shp|subset=""DN""  = 5"
93,1,UT_4,2021/09/02,"<table width=""100%""></table>",300.00000000000,1883.83510889000,282088.60635000002,5,Road/Paved layer,"C:/Users/joanw/OneDrive - University of Twente/Desktop/DataMasteryData/campusvector.shp|subset=""DN""  = 5"
94,1,UT_4,2021/09/02,"<table width=""100%""></table>",300.00000000000,1883.83510889000,282088.60635000002,,,
95,1,UT_4,2021/09/02,"<table width=""100%""></table>",300.00000000000,1883.83510889000,282088.60635000002,5,Road/Paved layer,"C:/Users/joanw/OneDrive - University of Twente/Desktop/DataMasteryData/campusvector.shp|subset=""DN""  = 5"
96,1,UT_4,2021/09/02,"<table width=""100%""></table>",300.00000000000,1883.83510889000,282088.60635000002,,,
97,1,UT_4,2021/09/02,"<table width=""100%""></table>",300.00000000000,1883.83510889000,282088.60635000002,,,
98,1,UT_4,2021/09/02,"<table width=""100%""></table>",300.00000000000,1883.83510889000,282088.60635000002,5,Road/Paved layer,"C:/Users/joanw/OneDrive - University of Twente/Desktop/DataMasteryData/campusvector.shp|subset=""DN""  = 5"
99,1,UT_4,2021/09/02,"<table width=""100%""></table>",300.00000000000,1883.83510889000,282088.60635000002,,,
100,2,UT_3,2021/09/02,"<table width=""100%""></table>",300.00000000000,1883.83588729000,282088.83946799999,7,Trees,"C:/Users/joanw/OneDrive - University of Twente/Desktop/DataMasteryData/campusvector.shp|subset= ""DN"" = 7"
101,2,UT_3,2021/09/02,"<table width=""100%""></table>",300.00000000000,1883.83588729000,282088.83946799999,5,Road/Paved layer,"C:/Users/joanw/OneDrive - University of Twente/Desktop/DataMasteryData/campusvector.shp|subset=""DN""  = 5"
102,2,UT_3,2021/09/02,"<table width=""100%""></table>",300.00000000000,1883.83588729000,282088.83946799999,7,Trees,"C:/Users/joanw/OneDrive - University of Twente/Desktop/DataMasteryData/campusvector.shp|subset= ""DN"" = 7"
103,2,UT_3,2021/09/02,"<table width=""100%""></table>",300.00000000000,1883.83588729000,282088.83946799999,4,Shrubs,"C:/Users/joanw/OneDrive - University of Twente/Desktop/DataMasteryData/campusvector.shp|subset=""DN""  = 4"
104,2,UT_3,2021/09/02,"<table width=""100%""></table>",300.00000000000,1883.83588729000,282088.83946799999,4,Shrubs,"C:/Users/joanw/OneDrive - University of Twente/Desktop/DataMasteryData/campusvector.shp|subset=""DN""  = 4"
105,2,UT_3,2021/09/02,"<table width=""100%""></table>",300.00000000000,1883.83588729000,282088.83946799999,5,Road/Paved layer,"C:/Users/joanw/OneDrive - University of Twente/Desktop/DataMasteryData/campusvector.shp|subset=""DN""  = 5"
106,2,UT_3,2021/09/02,"<table width=""100%""></table>",300.00000000000,1883.83588729000,282088.83946799999,7,Trees,"C:/Users/joanw/OneDrive - University of Twente/Desktop/DataMasteryData/campusvector.shp|subset= ""DN"" = 7"
107,2,UT_3,2021/09/02,"<table width=""100%""></table>",300.00000000000,1883.83588729000,282088.83946799999,8,Water,"C:/Users/joanw/OneDrive - University of Twente/Desktop/DataMasteryData/campusvector.shp|subset=""DN"" = 8"
108,2,UT_3,2021/09/02,"<table width=""100%""></table>",300.00000000000,1883.83588729000,282088.83946799999,6,trees2,"C:/Users/joanw/OneDrive - University of Twente/Desktop/DataMasteryData/campusvector.shp|subset=""DN"" = 6"
109,2,UT_3,2021/09/02,"<table width=""100%""></table>",300.00000000000,1883.83588729000,282088.83946799999,5,Road/Paved layer,"C:/Users/joanw/OneDrive - University of Twente/Desktop/DataMasteryData/campusvector.shp|subset=""DN""  = 5"
110,2,UT_3,2021/09/02,"<table width=""100%""></table>",300.00000000000,1883.83588729000,282088.83946799999,6,trees2,"C:/Users/joanw/OneDrive - University of Twente/Desktop/DataMasteryData/campusvector.shp|subset=""DN"" = 6"
111,2,UT_3,2021/09/02,"<table width=""100%""></table>",300.00000000000,1883.83588729000,282088.83946799999,4,Shrubs,"C:/Users/joanw/OneDrive - University of Twente/Desktop/DataMasteryData/campusvector.shp|subset=""DN""  = 4"
112,2,UT_3,2021/09/02,"<table width=""100%""></table>",300.00000000000,1883.83588729000,282088.83946799999,2,Built-up,"C:/Users/joanw/OneDrive - University of Twente/Desktop/DataMasteryData/campusvector.shp|subset=""DN""= 2"
113,2,UT_3,2021/09/02,"<table width=""100%""></table>",300.00000000000,1883.83588729000,282088.83946799999,3,Grass,"C:/Users/joanw/OneDrive - University of Twente/Desktop/DataMasteryData/campusvector.shp|subset=""DN""  = 3"
114,2,UT_3,2021/09/02,"<table width=""100%""></table>",300.00000000000,1883.83588729000,282088.83946799999,7,Trees,"C:/Users/joanw/OneDrive - University of Twente/Desktop/DataMasteryData/campusvector.shp|subset= ""DN"" = 7"
115,2,UT_3,2021/09/02,"<table width=""100%""></table>",300.00000000000,1883.83588729000,282088.83946799999,5,Road/Paved layer,"C:/Users/joanw/OneDrive - University of Twente/Desktop/DataMasteryData/campusvector.shp|subset=""DN""  = 5"
116,2,UT_3,2021/09/02,"<table width=""100%""></table>",300.00000000000,1883.83588729000,282088.83946799999,6,trees2,"C:/Users/joanw/OneDrive - University of Twente/Desktop/DataMasteryData/campusvector.shp|subset=""DN"" = 6"
117,2,UT_3,2021/09/02,"<table width=""100%""></table>",300.00000000000,1883.83588729000,282088.83946799999,8,Water,"C:/Users/joanw/OneDrive - University of Twente/Desktop/DataMasteryData/campusvector.shp|subset=""DN"" = 8"
118,2,UT_3,2021/09/02,"<table width=""100%""></table>",300.00000000000,1883.83588729000,282088.83946799999,5,Road/Paved layer,"C:/Users/joanw/OneDrive - University of Twente/Desktop/DataMasteryData/campusvector.shp|subset=""DN""  = 5"
119,2,UT_3,2021/09/02,"<table width=""100%""></table>",300.00000000000,1883.83588729000,282088.83946799999,4,Shrubs,"C:/Users/joanw/OneDrive - University of Twente/Desktop/DataMasteryData/campusvector.shp|subset=""DN""  = 4"
120,2,UT_3,2021/09/02,"<table width=""100%""></table>",300.00000000000,1883.83588729000,282088.83946799999,5,Road/Paved layer,"C:/Users/joanw/OneDrive - University of Twente/Desktop/DataMasteryData/campusvector.shp|subset=""DN""  = 5"
121,2,UT_3,2021/09/02,"<table width=""100%""></table>",300.00000000000,1883.83588729000,282088.83946799999,4,Shrubs,"C:/Users/joanw/OneDrive - University of Twente/Desktop/DataMasteryData/campusvector.shp|subset=""DN""  = 4"
122,2,UT_3,2021/09/02,"<table width=""100%""></table>",300.00000000000,1883.83588729000,282088.83946799999,2,Built-up,"C:/Users/joanw/OneDrive - University of Twente/Desktop/DataMasteryData/campusvector.shp|subset=""DN""= 2"
123,2,UT_3,2021/09/02,"<table width=""100%""></table>",300.00000000000,1883.83588729000,282088.83946799999,1,Bare Land,"C:/Users/joanw/OneDrive - University of Twente/Desktop/DataMasteryData/campusvector.shp|subset=""DN"" = 1"
124,2,UT_3,2021/09/02,"<table width=""100%""></table>",300.00000000000,1883.83588729000,282088.83946799999,4,Shrubs,"C:/Users/joanw/OneDrive - University of Twente/Desktop/DataMasteryData/campusvector.shp|subset=""DN""  = 4"
125,2,UT_3,2021/09/02,"<table width=""100%""></table>",300.00000000000,1883.83588729000,282088.83946799999,4,Shrubs,"C:/Users/joanw/OneDrive - University of Twente/Desktop/DataMasteryData/campusvector.shp|subset=""DN""  = 4"
126,2,UT_3,2021/09/02,"<table width=""100%""></table>",300.00000000000,1883.83588729000,282088.83946799999,8,Water,"C:/Users/joanw/OneDrive - University of Twente/Desktop/DataMasteryData/campusvector.shp|subset=""DN"" = 8"
127,2,UT_3,2021/09/02,"<table width=""100%""></table>",300.00000000000,1883.83588729000,282088.83946799999,4,Shrubs,"C:/Users/joanw/OneDrive - University of Twente/Desktop/DataMasteryData/campusvector.shp|subset=""DN""  = 4"
128,2,UT_3,2021/09/02,"<table width=""100%""></table>",300.00000000000,1883.83588729000,282088.83946799999,7,Trees,"C:/Users/joanw/OneDrive - University of Twente/Desktop/DataMasteryData/campusvector.shp|subset= ""DN"" = 7"
129,2,UT_3,2021/09/02,"<table width=""100%""></table>",300.00000000000,1883.83588729000,282088.83946799999,1,Bare Land,"C:/Users/joanw/OneDrive - University of Twente/Desktop/DataMasteryData/campusvector.shp|subset=""DN"" = 1"
130,2,UT_3,2021/09/02,"<table width=""100%""></table>",300.00000000000,1883.83588729000,282088.83946799999,5,Road/Paved layer,"C:/Users/joanw/OneDrive - University of Twente/Desktop/DataMasteryData/campusvector.shp|subset=""DN""  = 5"
131,2,UT_3,2021/09/02,"<table width=""100%""></table>",300.00000000000,1883.83588729000,282088.83946799999,5,Road/Paved layer,"C:/Users/joanw/OneDrive - University of Twente/Desktop/DataMasteryData/campusvector.shp|subset=""DN""  = 5"
132,2,UT_3,2021/09/02,"<table width=""100%""></table>",300.00000000000,1883.83588729000,282088.83946799999,4,Shrubs,"C:/Users/joanw/OneDrive - University of Twente/Desktop/DataMasteryData/campusvector.shp|subset=""DN""  = 4"
133,2,UT_3,2021/09/02,"<table width=""100%""></table>",300.00000000000,1883.83588729000,282088.83946799999,5,Road/Paved layer,"C:/Users/joanw/OneDrive - University of Twente/Desktop/DataMasteryData/campusvector.shp|subset=""DN""  = 5"
134,2,UT_3,2021/09/02,"<table width=""100%""></table>",300.00000000000,1883.83588729000,282088.83946799999,2,Built-up,"C:/Users/joanw/OneDrive - University of Twente/Desktop/DataMasteryData/campusvector.shp|subset=""DN""= 2"
135,2,UT_3,2021/09/02,"<table width=""100%""></table>",300.00000000000,1883.83588729000,282088.83946799999,2,Built-up,"C:/Users/joanw/OneDrive - University of Twente/Desktop/DataMasteryData/campusvector.shp|subset=""DN""= 2"
136,2,UT_3,2021/09/02,"<table width=""100%""></table>",300.00000000000,1883.83588729000,282088.83946799999,4,Shrubs,"C:/Users/joanw/OneDrive - University of Twente/Desktop/DataMasteryData/campusvector.shp|subset=""DN""  = 4"
137,2,UT_3,2021/09/02,"<table width=""100%""></table>",300.00000000000,1883.83588729000,282088.83946799999,5,Road/Paved layer,"C:/Users/joanw/OneDrive - University of Twente/Desktop/DataMasteryData/campusvector.shp|subset=""DN""  = 5"
138,2,UT_3,2021/09/02,"<table width=""100%""></table>",300.00000000000,1883.83588729000,282088.83946799999,5,Road/Paved layer,"C:/Users/joanw/OneDrive - University of Twente/Desktop/DataMasteryData/campusvector.shp|subset=""DN""  = 5"
139,2,UT_3,2021/09/02,"<table width=""100%""></table>",300.00000000000,1883.83588729000,282088.83946799999,8,Water,"C:/Users/joanw/OneDrive - University of Twente/Desktop/DataMasteryData/campusvector.shp|subset=""DN"" = 8"
140,2,UT_3,2021/09/02,"<table width=""100%""></table>",300.00000000000,1883.83588729000,282088.83946799999,5,Road/Paved layer,"C:/Users/joanw/OneDrive - University of Twente/Desktop/DataMasteryData/campusvector.shp|subset=""DN""  = 5"
141,2,UT_3,2021/09/02,"<table width=""100%""></table>",300.00000000000,1883.83588729000,282088.83946799999,4,Shrubs,"C:/Users/joanw/OneDrive - University of Twente/Desktop/DataMasteryData/campusvector.shp|subset=""DN""  = 4"
142,2,UT_3,2021/09/02,"<table width=""100%""></table>",300.00000000000,1883.83588729000,282088.83946799999,7,Trees,"C:/Users/joanw/OneDrive - University of Twente/Desktop/DataMasteryData/campusvector.shp|subset= ""DN"" = 7"
143,2,UT_3,2021/09/02,"<table width=""100%""></table>",300.00000000000,1883.83588729000,282088.83946799999,4,Shrubs,"C:/Users/joanw/OneDrive - University of Twente/Desktop/DataMasteryData/campusvector.shp|subset=""DN""  = 4"
144,2,UT_3,2021/09/02,"<table width=""100%""></table>",300.00000000000,1883.83588729000,282088.83946799999,5,Road/Paved layer,"C:/Users/joanw/OneDrive - University of Twente/Desktop/DataMasteryData/campusvector.shp|subset=""DN""  = 5"
145,2,UT_3,2021/09/02,"<table width=""100%""></table>",300.00000000000,1883.83588729000,282088.83946799999,5,Road/Paved layer,"C:/Users/joanw/OneDrive - University of Twente/Desktop/DataMasteryData/campusvector.shp|subset=""DN""  = 5"
146,2,UT_3,2021/09/02,"<table width=""100%""></table>",300.00000000000,1883.83588729000,282088.83946799999,8,Water,"C:/Users/joanw/OneDrive - University of Twente/Desktop/DataMasteryData/campusvector.shp|subset=""DN"" = 8"
147,2,UT_3,2021/09/02,"<table width=""100%""></table>",300.00000000000,1883.83588729000,282088.83946799999,5,Road/Paved layer,"C:/Users/joanw/OneDrive - University of Twente/Desktop/DataMasteryData/campusvector.shp|subset=""DN""  = 5"
148,2,UT_3,2021/09/02,"<table width=""100%""></table>",300.00000000000,1883.83588729000,282088.83946799999,7,Trees,"C:/Users/joanw/OneDrive - University of Twente/Desktop/DataMasteryData/campusvector.shp|subset= ""DN"" = 7"
149,2,UT_3,2021/09/02,"<table width=""100%""></table>",300.00000000000,1883.83588729000,282088.83946799999,7,Trees,"C:/Users/joanw/OneDrive - University of Twente/Desktop/DataMasteryData/campusvector.shp|subset= ""DN"" = 7"
150,3,UT_5,2021/09/02,"<table width=""100%""></table>",300.00000000000,1883.83632790000,282088.97142399999,7,Trees,"C:/Users/joanw/OneDrive - University of Twente/Desktop/DataMasteryData/campusvector.shp|subset= ""DN"" = 7"
151,3,UT_5,2021/09/02,"<table width=""100%""></table>",300.00000000000,1883.83632790000,282088.97142399999,8,Water,"C:/Users/joanw/OneDrive - University of Twente/Desktop/DataMasteryData/campusvector.shp|subset=""DN"" = 8"
152,3,UT_5,2021/09/02,"<table width=""100%""></table>",300.00000000000,1883.83632790000,282088.97142399999,7,Trees,"C:/Users/joanw/OneDrive - University of Twente/Desktop/DataMasteryData/campusvector.shp|subset= ""DN"" = 7"
153,3,UT_5,2021/09/02,"<table width=""100%""></table>",300.00000000000,1883.83632790000,282088.97142399999,7,Trees,"C:/Users/joanw/OneDrive - University of Twente/Desktop/DataMasteryData/campusvector.shp|subset= ""DN"" = 7"
154,3,UT_5,2021/09/02,"<table width=""100%""></table>",300.00000000000,1883.83632790000,282088.97142399999,4,Shrubs,"C:/Users/joanw/OneDrive - University of Twente/Desktop/DataMasteryData/campusvector.shp|subset=""DN""  = 4"
155,3,UT_5,2021/09/02,"<table width=""100%""></table>",300.00000000000,1883.83632790000,282088.97142399999,2,Built-up,"C:/Users/joanw/OneDrive - University of Twente/Desktop/DataMasteryData/campusvector.shp|subset=""DN""= 2"
156,3,UT_5,2021/09/02,"<table width=""100%""></table>",300.00000000000,1883.83632790000,282088.97142399999,7,Trees,"C:/Users/joanw/OneDrive - University of Twente/Desktop/DataMasteryData/campusvector.shp|subset= ""DN"" = 7"
157,3,UT_5,2021/09/02,"<table width=""100%""></table>",300.00000000000,1883.83632790000,282088.97142399999,,,
158,3,UT_5,2021/09/02,"<table width=""100%""></table>",300.00000000000,1883.83632790000,282088.97142399999,7,Trees,"C:/Users/joanw/OneDrive - University of Twente/Desktop/DataMasteryData/campusvector.shp|subset= ""DN"" = 7"
159,3,UT_5,2021/09/02,"<table width=""100%""></table>",300.00000000000,1883.83632790000,282088.97142399999,7,Trees,"C:/Users/joanw/OneDrive - University of Twente/Desktop/DataMasteryData/campusvector.shp|subset= ""DN"" = 7"
160,3,UT_5,2021/09/02,"<table width=""100%""></table>",300.00000000000,1883.83632790000,282088.97142399999,,,
161,3,UT_5,2021/09/02,"<table width=""100%""></table>",300.00000000000,1883.83632790000,282088.97142399999,7,Trees,"C:/Users/joanw/OneDrive - University of Twente/Desktop/DataMasteryData/campusvector.shp|subset= ""DN"" = 7"
162,3,UT_5,2021/09/02,"<table width=""100%""></table>",300.00000000000,1883.83632790000,282088.97142399999,,,
163,3,UT_5,2021/09/02,"<table width=""100%""></table>",300.00000000000,1883.83632790000,282088.97142399999,7,Trees,"C:/Users/joanw/OneDrive - University of Twente/Desktop/DataMasteryData/campusvector.shp|subset= ""DN"" = 7"
164,3,UT_5,2021/09/02,"<table width=""100%""></table>",300.00000000000,1883.83632790000,282088.97142399999,,,
165,3,UT_5,2021/09/02,"<table width=""100%""></table>",300.00000000000,1883.83632790000,282088.97142399999,7,Trees,"C:/Users/joanw/OneDrive - University of Twente/Desktop/DataMasteryData/campusvector.shp|subset= ""DN"" = 7"
166,3,UT_5,2021/09/02,"<table width=""100%""></table>",300.00000000000,1883.83632790000,282088.97142399999,7,Trees,"C:/Users/joanw/OneDrive - University of Twente/Desktop/DataMasteryData/campusvector.shp|subset= ""DN"" = 7"
167,3,UT_5,2021/09/02,"<table width=""100%""></table>",300.00000000000,1883.83632790000,282088.97142399999,,,
168,3,UT_5,2021/09/02,"<table width=""100%""></table>",300.00000000000,1883.83632790000,282088.97142399999,,,
169,3,UT_5,2021/09/02,"<table width=""100%""></table>",300.00000000000,1883.83632790000,282088.97142399999,7,Trees,"C:/Users/joanw/OneDrive - University of Twente/Desktop/DataMasteryData/campusvector.shp|subset= ""DN"" = 7"
170,3,UT_5,2021/09/02,"<table width=""100%""></table>",300.00000000000,1883.83632790000,282088.97142399999,4,Shrubs,"C:/Users/joanw/OneDrive - University of Twente/Desktop/DataMasteryData/campusvector.shp|subset=""DN""  = 4"
171,3,UT_5,2021/09/02,"<table width=""100%""></table>",300.00000000000,1883.83632790000,282088.97142399999,2,Built-up,"C:/Users/joanw/OneDrive - University of Twente/Desktop/DataMasteryData/campusvector.shp|subset=""DN""= 2"
172,3,UT_5,2021/09/02,"<table width=""100%""></table>",300.00000000000,1883.83632790000,282088.97142399999,7,Trees,"C:/Users/joanw/OneDrive - University of Twente/Desktop/DataMasteryData/campusvector.shp|subset= ""DN"" = 7"
173,3,UT_5,2021/09/02,"<table width=""100%""></table>",300.00000000000,1883.83632790000,282088.97142399999,7,Trees,"C:/Users/joanw/OneDrive - University of Twente/Desktop/DataMasteryData/campusvector.shp|subset= ""DN"" = 7"
174,3,UT_5,2021/09/02,"<table width=""100%""></table>",300.00000000000,1883.83632790000,282088.97142399999,,,
175,3,UT_5,2021/09/02,"<table width=""100%""></table>",300.00000000000,1883.83632790000,282088.97142399999,4,Shrubs,"C:/Users/joanw/OneDrive - University of Twente/Desktop/DataMasteryData/campusvector.shp|subset=""DN""  = 4"
176,3,UT_5,2021/09/02,"<table width=""100%""></table>",300.00000000000,1883.83632790000,282088.97142399999,4,Shrubs,"C:/Users/joanw/OneDrive - University of Twente/Desktop/DataMasteryData/campusvector.shp|subset=""DN""  = 4"
177,3,UT_5,2021/09/02,"<table width=""100%""></table>",300.00000000000,1883.83632790000,282088.97142399999,3,Grass,"C:/Users/joanw/OneDrive - University of Twente/Desktop/DataMasteryData/campusvector.shp|subset=""DN""  = 3"
178,3,UT_5,2021/09/02,"<table width=""100%""></table>",300.00000000000,1883.83632790000,282088.97142399999,,,
179,3,UT_5,2021/09/02,"<table width=""100%""></table>",300.00000000000,1883.83632790000,282088.97142399999,,,
180,3,UT_5,2021/09/02,"<table width=""100%""></table>",300.00000000000,1883.83632790000,282088.97142399999,8,Water,"C:/Users/joanw/OneDrive - University of Twente/Desktop/DataMasteryData/campusvector.shp|subset=""DN"" = 8"
181,3,UT_5,2021/09/02,"<table width=""100%""></table>",300.00000000000,1883.83632790000,282088.97142399999,3,Grass,"C:/Users/joanw/OneDrive - University of Twente/Desktop/DataMasteryData/campusvector.shp|subset=""DN""  = 3"
182,3,UT_5,2021/09/02,"<table width=""100%""></table>",300.00000000000,1883.83632790000,282088.97142399999,7,Trees,"C:/Users/joanw/OneDrive - University of Twente/Desktop/DataMasteryData/campusvector.shp|subset= ""DN"" = 7"
183,3,UT_5,2021/09/02,"<table width=""100%""></table>",300.00000000000,1883.83632790000,282088.97142399999,7,Trees,"C:/Users/joanw/OneDrive - University of Twente/Desktop/DataMasteryData/campusvector.shp|subset= ""DN"" = 7"
184,3,UT_5,2021/09/02,"<table width=""100%""></table>",300.00000000000,1883.83632790000,282088.97142399999,7,Trees,"C:/Users/joanw/OneDrive - University of Twente/Desktop/DataMasteryData/campusvector.shp|subset= ""DN"" = 7"
185,3,UT_5,2021/09/02,"<table width=""100%""></table>",300.00000000000,1883.83632790000,282088.97142399999,7,Trees,"C:/Users/joanw/OneDrive - University of Twente/Desktop/DataMasteryData/campusvector.shp|subset= ""DN"" = 7"
186,3,UT_5,2021/09/02,"<table width=""100%""></table>",300.00000000000,1883.83632790000,282088.97142399999,7,Trees,"C:/Users/joanw/OneDrive - University of Twente/Desktop/DataMasteryData/campusvector.shp|subset= ""DN"" = 7"
187,3,UT_5,2021/09/02,"<table width=""100%""></table>",300.00000000000,1883.83632790000,282088.97142399999,5,Road/Paved layer,"C:/Users/joanw/OneDrive - University of Twente/Desktop/DataMasteryData/campusvector.shp|subset=""DN""  = 5"
188,3,UT_5,2021/09/02,"<table width=""100%""></table>",300.00000000000,1883.83632790000,282088.97142399999,4,Shrubs,"C:/Users/joanw/OneDrive - University of Twente/Desktop/DataMasteryData/campusvector.shp|subset=""DN""  = 4"
189,3,UT_5,2021/09/02,"<table width=""100%""></table>",300.00000000000,1883.83632790000,282088.97142399999,,,
190,3,UT_5,2021/09/02,"<table width=""100%""></table>",300.00000000000,1883.83632790000,282088.97142399999,,,
191,3,UT_5,2021/09/02,"<table width=""100%""></table>",300.00000000000,1883.83632790000,282088.97142399999,5,Road/Paved layer,"C:/Users/joanw/OneDrive - University of Twente/Desktop/DataMasteryData/campusvector.shp|subset=""DN""  = 5"
192,3,UT_5,2021/09/02,"<table width=""100%""></table>",300.00000000000,1883.83632790000,282088.97142399999,,,
193,3,UT_5,2021/09/02,"<table width=""100%""></table>",300.00000000000,1883.83632790000,282088.97142399999,,,
194,3,UT_5,2021/09/02,"<table width=""100%""></table>",300.00000000000,1883.83632790000,282088.97142399999,7,Trees,"C:/Users/joanw/OneDrive - University of Twente/Desktop/DataMasteryData/campusvector.shp|subset= ""DN"" = 7"
195,3,UT_5,2021/09/02,"<table width=""100%""></table>",300.00000000000,1883.83632790000,282088.97142399999,4,Shrubs,"C:/Users/joanw/OneDrive - University of Twente/Desktop/DataMasteryData/campusvector.shp|subset=""DN""  = 4"
196,3,UT_5,2021/09/02,"<table width=""100%""></table>",300.00000000000,1883.83632790000,282088.97142399999,7,Trees,"C:/Users/joanw/OneDrive - University of Twente/Desktop/DataMasteryData/campusvector.shp|subset= ""DN"" = 7"
197,3,UT_5,2021/09/02,"<table width=""100%""></table>",300.00000000000,1883.83632790000,282088.97142399999,8,Water,"C:/Users/joanw/OneDrive - University of Twente/Desktop/DataMasteryData/campusvector.shp|subset=""DN"" = 8"
198,3,UT_5,2021/09/02,"<table width=""100%""></table>",300.00000000000,1883.83632790000,282088.97142399999,7,Trees,"C:/Users/joanw/OneDrive - University of Twente/Desktop/DataMasteryData/campusvector.shp|subset= ""DN"" = 7"
199,3,UT_5,2021/09/02,"<table width=""100%""></table>",300.00000000000,1883.83632790000,282088.97142399999,,,
